event_time,down_time,pressure,major_axis,minor_axis,size,user
175185424,175185424,0.71250004,188.52902,188.52902,0.140625,0
175185440,175185424,0.725,188.52902,188.52902,0.140625,0
175185472,175185424,0.6875,188.52902,188.52902,0.140625,0
175185504,175185424,0.45000002,188.52902,188.52902,0.140625,0
175185504,175185424,0.45000002,188.52902,188.52902,0.140625,0
175185600,175185600,0.6875,188.52902,188.52902,0.140625,0
175185632,175185600,0.725,188.52902,188.52902,0.140625,0
175185648,175185600,0.725,188.52902,188.52902,0.140625,0
175185680,175185600,0.6125,188.52902,188.52902,0.140625,0
175185680,175185600,0.4625,188.52902,188.52902,0.140625,0
175185696,175185600,0.4625,188.52902,188.52902,0.140625,0
175185792,175185792,0.71250004,188.52902,188.52902,0.140625,0
175185808,175185792,0.725,188.52902,188.52902,0.140625,0
175185824,175185792,0.71250004,188.52902,188.52902,0.140625,0
175185856,175185792,0.625,188.52902,188.52902,0.140625,0
175185856,175185792,0.625,188.52902,188.52902,0.140625,0
175185968,175185968,0.58750004,188.52902,188.52902,0.140625,0
175186000,175185968,0.725,188.52902,188.52902,0.140625,0
175186016,175185968,0.71250004,188.52902,188.52902,0.140625,0
175186048,175185968,0.625,188.52902,188.52902,0.125,0
175186048,175185968,0.4125,188.52902,188.52902,0.125,0
175186064,175185968,0.4125,188.52902,188.52902,0.125,0
175186160,175186160,0.6625,188.52902,188.52902,0.140625,0
175186176,175186160,0.71250004,188.52902,188.52902,0.140625,0
175186208,175186160,0.71250004,188.52902,188.52902,0.140625,0
175186208,175186160,0.65000004,188.52902,188.52902,0.140625,0
175186224,175186160,0.65000004,188.52902,188.52902,0.140625,0
175186320,175186320,0.65000004,188.52902,188.52902,0.140625,0
175186336,175186320,0.7,188.52902,188.52902,0.140625,0
175186384,175186320,0.7,188.52902,188.52902,0.140625,0
175186400,175186320,0.625,188.52902,188.52902,0.140625,0
175186400,175186320,0.625,188.52902,188.52902,0.140625,0
175186512,175186512,0.625,188.52902,188.52902,0.125,0
175186528,175186512,0.7375,188.52902,188.52902,0.140625,0
175186560,175186512,0.7375,188.52902,188.52902,0.140625,0
175186592,175186512,0.6375,188.52902,188.52902,0.140625,0
175186592,175186512,0.575,188.52902,188.52902,0.140625,0
175186592,175186512,0.575,188.52902,188.52902,0.140625,0
175186704,175186704,0.6,188.52902,188.52902,0.125,0
175186736,175186704,0.71250004,188.52902,188.52902,0.140625,0
175186768,175186704,0.7,188.52902,188.52902,0.140625,0
175186784,175186704,0.4375,188.52902,188.52902,0.125,0
175186800,175186704,0.4375,188.52902,188.52902,0.125,0
175186880,175186880,0.5625,188.52902,188.52902,0.125,0
175186912,175186880,0.725,188.52902,188.52902,0.140625,0
175186928,175186880,0.7375,188.52902,188.52902,0.140625,0
175186960,175186880,0.6875,188.52902,188.52902,0.140625,0
175186960,175186880,0.4375,146.4421,146.4421,0.109375,0
175186976,175186880,0.4375,146.4421,146.4421,0.109375,0
175187072,175187072,0.6875,188.52902,188.52902,0.140625,0
175187104,175187072,0.725,188.52902,188.52902,0.140625,0
175187120,175187072,0.71250004,188.52902,188.52902,0.140625,0
175187152,175187072,0.4875,188.52902,188.52902,0.125,0
175187168,175187072,0.4875,188.52902,188.52902,0.125,0
175187264,175187264,0.675,188.52902,188.52902,0.140625,0
175187296,175187264,0.725,188.52902,188.52902,0.140625,0
175187312,175187264,0.71250004,188.52902,188.52902,0.140625,0
175187328,175187264,0.6125,188.52902,188.52902,0.140625,0
175187328,175187264,0.6125,188.52902,188.52902,0.140625,0
175187440,175187440,0.6625,188.52902,188.52902,0.140625,0
175187472,175187440,0.725,188.52902,188.52902,0.140625,0
175187504,175187440,0.65000004,188.52902,188.52902,0.140625,0
175187520,175187440,0.575,188.52902,188.52902,0.140625,0
175187520,175187440,0.575,188.52902,188.52902,0.140625,0
175187616,175187616,0.6875,188.52902,188.52902,0.140625,0
175187648,175187616,0.71250004,188.52902,188.52902,0.140625,0
175187664,175187616,0.725,188.52902,188.52902,0.140625,0
175187696,175187616,0.675,188.52902,188.52902,0.140625,0
175187696,175187616,0.52500004,146.4421,146.4421,0.109375,0
175187712,175187616,0.52500004,146.4421,146.4421,0.109375,0
175187792,175187792,0.7,188.52902,188.52902,0.140625,0
175187824,175187792,0.71250004,188.52902,188.52902,0.140625,0
175187840,175187792,0.7,188.52902,188.52902,0.140625,0
175187872,175187792,0.5625,188.52902,188.52902,0.140625,0
175187872,175187792,0.5625,188.52902,188.52902,0.140625,0
175187984,175187984,0.65000004,188.52902,188.52902,0.140625,0
175188016,175187984,0.71250004,188.52902,188.52902,0.140625,0
175188048,175187984,0.6125,146.4421,146.4421,0.109375,0
175188048,175187984,0.375,146.4421,146.4421,0.109375,0
175188064,175187984,0.375,146.4421,146.4421,0.109375,0
175188144,175188144,0.6375,188.52902,188.52902,0.140625,0
175188176,175188144,0.725,188.52902,188.52902,0.140625,0
175188192,175188144,0.725,188.52902,188.52902,0.140625,0
175188224,175188144,0.6875,188.52902,188.52902,0.140625,0
175188224,175188144,0.6125,146.4421,146.4421,0.109375,0
175188240,175188144,0.6125,146.4421,146.4421,0.109375,0
175188336,175188336,0.71250004,188.52902,188.52902,0.140625,0
175188368,175188336,0.71250004,188.52902,188.52902,0.140625,0
175188384,175188336,0.71250004,188.52902,188.52902,0.140625,0
175188416,175188336,0.5625,188.52902,188.52902,0.140625,0
175188416,175188336,0.5625,188.52902,188.52902,0.140625,0
175188512,175188512,0.7,188.52902,188.52902,0.140625,0
175188544,175188512,0.7375,188.52902,188.52902,0.140625,0
175188560,175188512,0.71250004,188.52902,188.52902,0.140625,0
175188592,175188512,0.4375,188.52902,188.52902,0.125,0
175188592,175188512,0.4375,188.52902,188.52902,0.125,0
175188688,175188688,0.71250004,188.52902,188.52902,0.140625,0
175188720,175188688,0.7,188.52902,188.52902,0.140625,0
175188736,175188688,0.7,188.52902,188.52902,0.140625,0
175188752,175188688,0.5625,188.52902,188.52902,0.140625,0
175188768,175188688,0.5625,188.52902,188.52902,0.140625,0
3105909500,3105909500,0.49803925,9.992772,9.992772,0.099999994,1
3105909500,3105909500,0.49803925,8.993495,8.993495,0.089999996,1
3105909500,3105909500,0.49803925,8.993495,8.993495,0.089999996,1
3105910000,3105910000,0.49803925,12.990603,12.990603,0.13,1
3105910300,3105910000,0.49803925,10.992049,10.992049,0.11,1
3105910300,3105910000,0.49803925,10.992049,10.992049,0.11,1
3105910800,3105910800,0.49803925,11.991326,11.991326,0.12,1
3105910800,3105910800,0.49803925,9.992772,9.992772,0.099999994,1
3105910800,3105910800,0.49411768,7.9942174,7.9942174,0.08,1
3105910800,3105910800,0.49411768,7.9942174,7.9942174,0.08,1
3105911300,3105911300,0.49803925,9.992772,9.992772,0.099999994,1
3105911300,3105911300,0.49411768,7.9942174,7.9942174,0.08,1
3105911300,3105911300,0.4901961,6.9949403,6.9949403,0.07,1
3105911300,3105911300,0.4901961,6.9949403,6.9949403,0.07,1
3105911800,3105911800,0.49803925,6.9949403,6.9949403,0.07,1
3105911800,3105911800,0.49803925,9.992772,9.992772,0.099999994,1
3105911800,3105911800,0.49803925,9.992772,9.992772,0.099999994,1
3105911800,3105911800,0.4901961,7.9942174,7.9942174,0.08,1
3105911800,3105911800,0.4901961,7.9942174,7.9942174,0.08,1
3105912300,3105912300,0.49803925,5.995663,5.995663,0.06,1
3105912300,3105912300,0.49411768,5.995663,5.995663,0.06,1
3105912300,3105912300,0.49411768,5.995663,5.995663,0.06,1
3105912800,3105912800,0.49803925,10.992049,10.992049,0.11,1
3105912800,3105912800,0.49803925,8.993495,8.993495,0.089999996,1
3105912800,3105912800,0.4901961,7.9942174,7.9942174,0.08,1
3105912800,3105912800,0.4901961,7.9942174,7.9942174,0.08,1
3105913000,3105913000,0.49803925,7.9942174,7.9942174,0.08,1
3105913300,3105913000,0.4901961,6.9949403,6.9949403,0.07,1
3105913300,3105913000,0.4901961,6.9949403,6.9949403,0.07,1
3105913600,3105913600,0.48627454,4.996386,4.996386,0.049999997,1
3105913600,3105913600,0.49803925,5.995663,5.995663,0.06,1
3105913600,3105913600,0.49803925,6.9949403,6.9949403,0.07,1
3105913600,3105913600,0.48627454,4.996386,4.996386,0.049999997,1
3105914000,3105914000,0.3803922,5.995663,5.995663,0.06,1
3105914000,3105914000,0.4156863,5.995663,5.995663,0.06,1
3105914000,3105914000,0.4156863,5.995663,5.995663,0.06,1
3105914000,3105914000,0.3921569,5.995663,5.995663,0.06,1
3105914400,3105914400,0.47450984,5.995663,5.995663,0.06,1
3105914600,3105914400,0.47058827,5.995663,5.995663,0.06,1
3105914600,3105914400,0.47058827,5.995663,5.995663,0.06,1
3105914600,3105914400,0.47450984,6.9949403,6.9949403,0.07,1
3105917000,3105917000,0.49803925,7.9942174,7.9942174,0.08,1
3105917000,3105917000,0.49411768,6.9949403,6.9949403,0.07,1
3105917200,3105917000,0.49411768,6.9949403,6.9949403,0.07,1
3105917400,3105917400,0.49803925,7.9942174,7.9942174,0.08,1
3105917700,3105917400,0.4901961,6.9949403,6.9949403,0.07,1
3105917700,3105917400,0.4901961,6.9949403,6.9949403,0.07,1
3105917700,3105917700,0.49803925,6.9949403,6.9949403,0.07,1
3105918000,3105917700,0.4901961,5.995663,5.995663,0.06,1
3105918000,3105917700,0.4901961,5.995663,5.995663,0.06,1
3105918200,3105918200,0.49803925,9.992772,9.992772,0.099999994,1
3105918200,3105918200,0.49803925,7.9942174,7.9942174,0.08,1
3105918200,3105918200,0.4901961,6.9949403,6.9949403,0.07,1
3105918200,3105918200,0.4901961,6.9949403,6.9949403,0.07,1
3105918500,3105918500,0.49803925,10.992049,10.992049,0.11,1
3105918700,3105918500,0.49803925,9.992772,9.992772,0.099999994,1
3105918700,3105918500,0.49411768,8.993495,8.993495,0.089999996,1
3105918700,3105918500,0.49411768,8.993495,8.993495,0.089999996,1
3105919000,3105919000,0.34117648,3.9971087,3.9971087,0.04,1
3105919000,3105919000,0.34901962,3.9971087,3.9971087,0.04,1
3105919000,3105919000,0.35686275,3.9971087,3.9971087,0.04,1
3105919000,3105919000,0.3647059,3.9971087,3.9971087,0.04,1
3105919000,3105919000,0.37254903,3.9971087,3.9971087,0.04,1
3105919000,3105919000,0.37647063,3.9971087,3.9971087,0.04,1
3105919000,3105919000,0.3803922,3.9971087,3.9971087,0.04,1
3105919000,3105919000,0.38431376,3.9971087,3.9971087,0.04,1
3105919000,3105919000,0.3803922,3.9971087,3.9971087,0.04,1
3105919000,3105919000,0.3803922,3.9971087,3.9971087,0.04,1
3105919200,3105919200,0.28627452,4.996386,4.996386,0.049999997,1
3105919200,3105919200,0.2901961,4.996386,4.996386,0.049999997,1
3105919500,3105919200,0.29803923,4.996386,4.996386,0.049999997,1
3105919500,3105919200,0.3019608,4.996386,4.996386,0.049999997,1
3105919500,3105919200,0.30980393,4.996386,4.996386,0.049999997,1
3105919500,3105919200,0.31764707,4.996386,4.996386,0.049999997,1
3105919500,3105919200,0.3254902,4.996386,4.996386,0.049999997,1
3105919500,3105919200,0.33333334,4.996386,4.996386,0.049999997,1
3105919500,3105919200,0.32941177,4.996386,4.996386,0.049999997,1
3105919500,3105919200,0.32941177,4.996386,4.996386,0.049999997,1
3105919700,3105919700,0.48235297,5.995663,5.995663,0.06,1
3105919700,3105919700,0.47450984,5.995663,5.995663,0.06,1
3105919700,3105919700,0.47450984,5.995663,5.995663,0.06,1
3105920000,3105920000,0.49803925,8.993495,8.993495,0.089999996,1
3105920300,3105920000,0.49803925,9.992772,9.992772,0.099999994,1
3105920300,3105920000,0.49803925,10.992049,10.992049,0.11,1
3105920300,3105920000,0.49803925,11.991326,11.991326,0.12,1
3105920800,3105920000,0.49803925,10.992049,10.992049,0.11,1
3105920800,3105920000,0.49803925,8.993495,8.993495,0.089999996,1
3105920800,3105920000,0.49411768,7.9942174,7.9942174,0.08,1
3105920800,3105920000,0.49411768,7.9942174,7.9942174,0.08,1
3105921000,3105921000,0.49803925,7.9942174,7.9942174,0.08,1
3105921300,3105921000,0.49803925,7.9942174,7.9942174,0.08,1
3105921300,3105921000,0.49803925,7.9942174,7.9942174,0.08,1
3105921500,3105921000,0.49411768,7.9942174,7.9942174,0.08,1
3105921500,3105921000,0.49411768,7.9942174,7.9942174,0.08,1
3105921800,3105921800,0.49803925,9.992772,9.992772,0.099999994,1
3105922600,3105921800,0.49803925,8.993495,8.993495,0.089999996,1
3105922600,3105921800,0.49803925,8.993495,8.993495,0.089999996,1
3105923000,3105923000,0.49803925,5.995663,5.995663,0.06,1
3105923000,3105923000,0.49411768,5.995663,5.995663,0.06,1
3105923000,3105923000,0.49411768,5.995663,5.995663,0.06,1
3105923600,3105923600,0.3372549,4.996386,4.996386,0.049999997,1
3105923600,3105923600,0.3647059,4.996386,4.996386,0.049999997,1
3105923600,3105923600,0.35686275,4.996386,4.996386,0.049999997,1
3105923600,3105923600,0.34509805,4.996386,4.996386,0.049999997,1
3105923600,3105923600,0.37254903,4.996386,4.996386,0.049999997,1
3105923800,3105923600,0.38431376,4.996386,4.996386,0.049999997,1
3105923800,3105923600,0.38431376,4.996386,4.996386,0.049999997,1
3105924000,3105924000,0.15294118,2.9978316,2.9978316,0.03,1
3105924000,3105924000,0.15686275,2.9978316,2.9978316,0.03,1
3105924000,3105924000,0.1764706,2.9978316,2.9978316,0.03,1
3105924000,3105924000,0.19215688,2.9978316,2.9978316,0.03,1
3105924000,3105924000,0.18823531,2.9978316,2.9978316,0.03,1
3105924000,3105924000,0.18823531,2.9978316,2.9978316,0.03,1
3105924600,3105924600,0.37254903,4.996386,4.996386,0.049999997,1
3105924600,3105924600,0.37647063,4.996386,4.996386,0.049999997,1
3105924600,3105924600,0.39607847,3.9971087,3.9971087,0.04,1
3105924600,3105924600,0.39607847,3.9971087,3.9971087,0.04,1
3105925000,3105925000,0.49803925,6.9949403,6.9949403,0.07,1
3105925000,3105925000,0.49411768,6.9949403,6.9949403,0.07,1
3105925000,3105925000,0.49411768,6.9949403,6.9949403,0.07,1
3105925600,3105925600,0.49803925,5.995663,5.995663,0.06,1
3105925600,3105925600,0.49803925,6.9949403,6.9949403,0.07,1
3105926000,3105925600,0.49411768,6.9949403,6.9949403,0.07,1
3105926000,3105925600,0.49411768,6.9949403,6.9949403,0.07,1
3105926100,3105926100,0.49803925,6.9949403,6.9949403,0.07,1
3105926400,3105926100,0.49803925,7.9942174,7.9942174,0.08,1
3105926400,3105926100,0.4901961,6.9949403,6.9949403,0.07,1
3105926400,3105926100,0.4901961,6.9949403,6.9949403,0.07,1
3105926700,3105926700,0.49803925,4.996386,4.996386,0.049999997,1
3105927000,3105926700,0.49411768,4.996386,4.996386,0.049999997,1
3105927000,3105926700,0.4901961,4.996386,4.996386,0.049999997,1
3105927000,3105926700,0.4901961,4.996386,4.996386,0.049999997,1
3105927200,3105927200,0.49803925,7.9942174,7.9942174,0.08,1
3105927200,3105927200,0.49411768,7.9942174,7.9942174,0.08,1
3105927200,3105927200,0.4901961,6.9949403,6.9949403,0.07,1
3105927200,3105927200,0.4901961,6.9949403,6.9949403,0.07,1
3105927400,3105927400,0.49803925,7.9942174,7.9942174,0.08,1
3105927700,3105927400,0.49411768,6.9949403,6.9949403,0.07,1
3105927700,3105927400,0.49411768,6.9949403,6.9949403,0.07,1
3105928000,3105928000,0.49803925,9.992772,9.992772,0.099999994,1
3105928200,3105928000,0.49411768,8.993495,8.993495,0.089999996,1
3105928200,3105928000,0.49411768,8.993495,8.993495,0.089999996,1
3105928400,3105928400,0.49803925,5.995663,5.995663,0.06,1
3105928400,3105928400,0.49411768,5.995663,5.995663,0.06,1
3105928400,3105928400,0.48627454,4.996386,4.996386,0.049999997,1
3105928400,3105928400,0.48627454,4.996386,4.996386,0.049999997,1
3105928700,3105928700,0.49803925,4.996386,4.996386,0.049999997,1
3105929000,3105928700,0.4901961,4.996386,4.996386,0.049999997,1
3105929000,3105928700,0.4901961,4.996386,4.996386,0.049999997,1
3105929200,3105929200,0.49803925,5.995663,5.995663,0.06,1
3105929200,3105929200,0.49803925,7.9942174,7.9942174,0.08,1
3105929200,3105929200,0.49803925,7.9942174,7.9942174,0.08,1
3105929200,3105929200,0.49803925,7.9942174,7.9942174,0.08,1
3105929200,3105929200,0.49803925,7.9942174,7.9942174,0.08,1
3105929200,3105929200,0.49411768,6.9949403,6.9949403,0.07,1
3105929200,3105929200,0.49411768,6.9949403,6.9949403,0.07,1
3105929500,3105929500,0.49803925,10.992049,10.992049,0.11,1
3105929500,3105929500,0.49411768,9.992772,9.992772,0.099999994,1
3105929500,3105929500,0.49411768,9.992772,9.992772,0.099999994,1
3105929700,3105929700,0.49803925,8.993495,8.993495,0.089999996,1
3105929700,3105929700,0.49411768,7.9942174,7.9942174,0.08,1
3105929700,3105929700,0.4901961,6.9949403,6.9949403,0.07,1
3105929700,3105929700,0.4901961,6.9949403,6.9949403,0.07,1
3105930000,3105930000,0.49803925,7.9942174,7.9942174,0.08,1
3105930000,3105930000,0.49803925,7.9942174,7.9942174,0.08,1
3105930000,3105930000,0.49803925,7.9942174,7.9942174,0.08,1
3105930000,3105930000,0.4901961,6.9949403,6.9949403,0.07,1
3105930000,3105930000,0.4901961,6.9949403,6.9949403,0.07,1
3105930200,3105930200,0.49803925,5.995663,5.995663,0.06,1
3105930200,3105930200,0.49411768,5.995663,5.995663,0.06,1
3105930200,3105930200,0.49411768,5.995663,5.995663,0.06,1
3105930500,3105930500,0.49803925,6.9949403,6.9949403,0.07,1
3105930500,3105930500,0.4901961,5.995663,5.995663,0.06,1
3105930500,3105930500,0.4901961,5.995663,5.995663,0.06,1
3105930500,3105930500,0.49803925,5.995663,5.995663,0.06,1
3105930800,3105930500,0.49411768,5.995663,5.995663,0.06,1
3105930800,3105930500,0.4901961,4.996386,4.996386,0.049999997,1
3105930800,3105930500,0.4901961,4.996386,4.996386,0.049999997,1
3105930800,3105930800,0.49803925,5.995663,5.995663,0.06,1
3105931000,3105930800,0.49411768,4.996386,4.996386,0.049999997,1
3105931000,3105930800,0.49411768,4.996386,4.996386,0.049999997,1
3105931000,3105931000,0.49803925,7.9942174,7.9942174,0.08,1
3105931300,3105931000,0.49411768,6.9949403,6.9949403,0.07,1
3105931300,3105931000,0.4901961,5.995663,5.995663,0.06,1
3105931300,3105931000,0.4901961,5.995663,5.995663,0.06,1
3105931300,3105931300,0.49803925,8.993495,8.993495,0.089999996,1
3105931300,3105931300,0.49803925,8.993495,8.993495,0.089999996,1
3105931300,3105931300,0.49803925,8.993495,8.993495,0.089999996,1
3105931300,3105931300,0.49803925,8.993495,8.993495,0.089999996,1
3105931300,3105931300,0.49803925,8.993495,8.993495,0.089999996,1
3105931500,3105931300,0.49411768,7.9942174,7.9942174,0.08,1
3105931500,3105931300,0.49411768,7.9942174,7.9942174,0.08,1
3105931500,3105931500,0.49803925,7.9942174,7.9942174,0.08,1
3105931800,3105931500,0.49803925,7.9942174,7.9942174,0.08,1
3105931800,3105931800,0.49803925,6.9949403,6.9949403,0.07,1
3105931800,3105931800,0.49803925,10.992049,10.992049,0.11,1
3105931800,3105931800,0.4901961,6.9949403,6.9949403,0.07,1
3105931800,3105931800,0.4901961,6.9949403,6.9949403,0.07,1
3105931800,3105931800,0.49411768,6.9949403,6.9949403,0.07,1
3105932000,3105931800,0.49411768,9.992772,9.992772,0.099999994,1
3105932000,3105931800,0.49411768,9.992772,9.992772,0.099999994,1
3105932000,3105932000,0.49803925,5.995663,5.995663,0.06,1
3105932300,3105932000,0.49411768,4.996386,4.996386,0.049999997,1
3105932300,3105932000,0.49411768,4.996386,4.996386,0.049999997,1
3105932300,3105932300,0.49803925,11.991326,11.991326,0.12,1
3105932500,3105932300,0.49411768,9.992772,9.992772,0.099999994,1
3105932500,3105932300,0.49411768,9.992772,9.992772,0.099999994,1
3105932500,3105932500,0.28235295,4.996386,4.996386,0.049999997,1
3105932500,3105932500,0.28627452,4.996386,4.996386,0.049999997,1
3105932500,3105932500,0.2901961,4.996386,4.996386,0.049999997,1
3105932800,3105932500,0.29803923,4.996386,4.996386,0.049999997,1
3105932800,3105932500,0.30588236,4.996386,4.996386,0.049999997,1
3105932800,3105932500,0.3019608,4.996386,4.996386,0.049999997,1
3105932800,3105932500,0.3019608,4.996386,4.996386,0.049999997,1
3105932800,3105932800,0.49803925,10.992049,10.992049,0.11,1
3105932800,3105932800,0.49411768,9.992772,9.992772,0.099999994,1
3105932800,3105932800,0.49411768,9.992772,9.992772,0.099999994,1
3105933000,3105933000,0.49803925,12.990603,12.990603,0.13,1
3105933000,3105933000,0.49803925,11.991326,11.991326,0.12,1
3105933000,3105933000,0.49803925,11.991326,11.991326,0.12,1
3105933300,3105933300,0.49803925,12.990603,12.990603,0.13,1
3105933300,3105933300,0.49803925,11.991326,11.991326,0.12,1
3105933300,3105933300,0.49803925,10.992049,10.992049,0.11,1
3105933300,3105933300,0.49803925,10.992049,10.992049,0.11,1
3105933600,3105933600,0.49803925,7.9942174,7.9942174,0.08,1
3105933600,3105933600,0.49411768,6.9949403,6.9949403,0.07,1
3105933600,3105933600,0.49411768,6.9949403,6.9949403,0.07,1
3105933800,3105933800,0.49803925,9.992772,9.992772,0.099999994,1
3105933800,3105933800,0.49803925,9.992772,9.992772,0.099999994,1
3105933800,3105933800,0.49803925,9.992772,9.992772,0.099999994,1
3105933800,3105933800,0.49803925,9.992772,9.992772,0.099999994,1
3105933800,3105933800,0.49411768,8.993495,8.993495,0.089999996,1
3105933800,3105933800,0.49411768,8.993495,8.993495,0.089999996,1
3105933800,3105933800,0.49803925,7.9942174,7.9942174,0.08,1
3105934000,3105933800,0.49803925,7.9942174,7.9942174,0.08,1
3105934600,3105934600,0.45098042,5.995663,5.995663,0.06,1
3105934600,3105934600,0.4431373,4.996386,4.996386,0.049999997,1
3105934600,3105934600,0.4431373,4.996386,4.996386,0.049999997,1
3105935000,3105935000,0.49803925,6.9949403,6.9949403,0.07,1
3105935400,3105935000,0.49803925,7.9942174,7.9942174,0.08,1
3105935400,3105935000,0.49803925,8.993495,8.993495,0.089999996,1
3105935400,3105935000,0.49803925,8.993495,8.993495,0.089999996,1
3105935400,3105935000,0.49803925,9.992772,9.992772,0.099999994,1
3105935600,3105935000,0.49803925,9.992772,9.992772,0.099999994,1
3105935900,3105935000,0.49411768,7.9942174,7.9942174,0.08,1
3105935900,3105935000,0.49411768,7.9942174,7.9942174,0.08,1
3105936100,3105936100,0.49803925,5.995663,5.995663,0.06,1
3105936100,3105936100,0.49411768,5.995663,5.995663,0.06,1
3105936100,3105936100,0.4901961,4.996386,4.996386,0.049999997,1
3105936100,3105936100,0.4901961,4.996386,4.996386,0.049999997,1
3105936400,3105936400,0.49803925,6.9949403,6.9949403,0.07,1
3105936400,3105936400,0.49411768,6.9949403,6.9949403,0.07,1
3105936400,3105936400,0.49411768,6.9949403,6.9949403,0.07,1
3105936600,3105936600,0.49803925,11.991326,11.991326,0.12,1
3105936600,3105936600,0.49803925,12.990603,12.990603,0.13,1
3105936600,3105936600,0.49803925,12.990603,12.990603,0.13,1
3105936600,3105936600,0.49803925,12.990603,12.990603,0.13,1
3105936600,3105936600,0.49803925,10.992049,10.992049,0.11,1
3105936600,3105936600,0.49803925,10.992049,10.992049,0.11,1
3105936600,3105936600,0.21568629,8.993495,8.993495,0.089999996,1
3105936600,3105936600,0.22352943,10.992049,10.992049,0.11,1
3105936600,3105936600,0.23137257,12.990603,12.990603,0.13,1
3105936600,3105936600,0.2392157,12.990603,12.990603,0.13,1
3105936600,3105936600,0.24705884,12.990603,12.990603,0.13,1
3105936600,3105936600,0.2509804,11.991326,11.991326,0.12,1
3105936600,3105936600,0.2509804,11.991326,11.991326,0.12,1
3105937000,3105937000,0.47058827,5.995663,5.995663,0.06,1
3105937000,3105937000,0.46274513,4.996386,4.996386,0.049999997,1
3105937000,3105937000,0.46274513,4.996386,4.996386,0.049999997,1
3105937200,3105937200,0.49803925,11.991326,11.991326,0.12,1
3105937200,3105937200,0.49803925,10.992049,10.992049,0.11,1
3105937200,3105937200,0.49803925,9.992772,9.992772,0.099999994,1
3105937200,3105937200,0.49803925,9.992772,9.992772,0.099999994,1
3110385000,3110385000,0.49803925,8.993495,8.993495,0.089999996,0
3110385000,3110385000,0.49803925,7.9942174,7.9942174,0.08,0
3110385000,3110385000,0.49803925,7.9942174,7.9942174,0.08,0
3110385200,3110385200,0.49803925,6.9949403,6.9949403,0.07,0
3110385200,3110385200,0.49411768,6.9949403,6.9949403,0.07,0
3110385200,3110385200,0.49411768,6.9949403,6.9949403,0.07,0
3110385400,3110385400,0.49803925,5.995663,5.995663,0.06,0
3110385400,3110385400,0.49411768,5.995663,5.995663,0.06,0
3110385400,3110385400,0.4901961,4.996386,4.996386,0.049999997,0
3110385400,3110385400,0.4901961,4.996386,4.996386,0.049999997,0
3110385400,3110385400,0.49803925,6.9949403,6.9949403,0.07,0
3110385700,3110385400,0.49411768,5.995663,5.995663,0.06,0
3110385700,3110385400,0.49411768,5.995663,5.995663,0.06,0
3110385700,3110385700,0.49803925,7.9942174,7.9942174,0.08,0
3110386000,3110385700,0.49803925,7.9942174,7.9942174,0.08,0
3110386000,3110386000,0.49803925,7.9942174,7.9942174,0.08,0
3110386000,3110386000,0.49411768,6.9949403,6.9949403,0.07,0
3110386000,3110386000,0.49411768,6.9949403,6.9949403,0.07,0
3110386200,3110386200,0.49803925,7.9942174,7.9942174,0.08,0
3110386200,3110386200,0.49411768,7.9942174,7.9942174,0.08,0
3110386200,3110386200,0.49411768,7.9942174,7.9942174,0.08,0
3110386400,3110386400,0.49803925,5.995663,5.995663,0.06,0
3110386400,3110386400,0.49411768,5.995663,5.995663,0.06,0
3110386400,3110386400,0.49411768,5.995663,5.995663,0.06,0
3110386700,3110386700,0.49803925,7.9942174,7.9942174,0.08,0
3110386700,3110386700,0.49411768,7.9942174,7.9942174,0.08,0
3110386700,3110386700,0.49411768,7.9942174,7.9942174,0.08,0
3110387000,3110387000,0.49803925,5.995663,5.995663,0.06,0
3110387000,3110387000,0.49411768,4.996386,4.996386,0.049999997,0
3110387000,3110387000,0.49411768,4.996386,4.996386,0.049999997,0
3110387200,3110387200,0.49803925,8.993495,8.993495,0.089999996,0
3110387200,3110387200,0.49803925,7.9942174,7.9942174,0.08,0
3110387200,3110387200,0.49803925,7.9942174,7.9942174,0.08,0
3110387200,3110387200,0.49803925,7.9942174,7.9942174,0.08,0
3110387500,3110387200,0.49411768,6.9949403,6.9949403,0.07,0
3110387500,3110387200,0.49411768,6.9949403,6.9949403,0.07,0
3110387500,3110387500,0.49803925,7.9942174,7.9942174,0.08,0
3110387700,3110387500,0.49411768,7.9942174,7.9942174,0.08,0
3110387700,3110387500,0.4901961,6.9949403,6.9949403,0.07,0
3110387700,3110387500,0.4901961,6.9949403,6.9949403,0.07,0
3110387700,3110387700,0.49803925,6.9949403,6.9949403,0.07,0
3110388000,3110387700,0.49411768,5.995663,5.995663,0.06,0
3110388000,3110387700,0.49411768,5.995663,5.995663,0.06,0
3110388000,3110388000,0.48235297,5.995663,5.995663,0.06,0
3110388000,3110388000,0.47450984,4.996386,4.996386,0.049999997,0
3110388000,3110388000,0.47450984,4.996386,4.996386,0.049999997,0
3110388200,3110388200,0.46274513,4.996386,4.996386,0.049999997,0
3110388200,3110388200,0.45882356,3.9971087,3.9971087,0.04,0
3110388200,3110388200,0.45882356,3.9971087,3.9971087,0.04,0
3110388500,3110388500,0.49803925,4.996386,4.996386,0.049999997,0
3110388500,3110388500,0.49411768,4.996386,4.996386,0.049999997,0
3110388500,3110388500,0.49411768,4.996386,4.996386,0.049999997,0
3110388700,3110388700,0.49803925,6.9949403,6.9949403,0.07,0
3110388700,3110388700,0.49411768,5.995663,5.995663,0.06,0
3110388700,3110388700,0.49411768,5.995663,5.995663,0.06,0
3110388700,3110388700,0.49803925,5.995663,5.995663,0.06,0
3110389000,3110388700,0.49411768,5.995663,5.995663,0.06,0
3110389000,3110388700,0.49411768,5.995663,5.995663,0.06,0
3110389000,3110389000,0.49803925,8.993495,8.993495,0.089999996,0
3110389200,3110389000,0.49411768,7.9942174,7.9942174,0.08,0
3110389200,3110389000,0.49411768,7.9942174,7.9942174,0.08,0
3110389200,3110389200,0.49803925,5.995663,5.995663,0.06,0
3110389500,3110389200,0.49411768,5.995663,5.995663,0.06,0
3110389500,3110389200,0.4901961,4.996386,4.996386,0.049999997,0
3110389500,3110389200,0.4901961,4.996386,4.996386,0.049999997,0
3110389500,3110389500,0.47058827,4.996386,4.996386,0.049999997,0
3110389500,3110389500,0.4666667,4.996386,4.996386,0.049999997,0
3110389500,3110389500,0.4666667,4.996386,4.996386,0.049999997,0
3110389800,3110389800,0.49803925,7.9942174,7.9942174,0.08,0
3110389800,3110389800,0.49411768,6.9949403,6.9949403,0.07,0
3110389800,3110389800,0.49411768,6.9949403,6.9949403,0.07,0
3110390000,3110390000,0.49803925,6.9949403,6.9949403,0.07,0
3110390000,3110390000,0.49411768,6.9949403,6.9949403,0.07,0
3110390000,3110390000,0.49411768,6.9949403,6.9949403,0.07,0
3110390300,3110390300,0.49803925,6.9949403,6.9949403,0.07,0
3110390300,3110390300,0.49411768,5.995663,5.995663,0.06,0
3110390300,3110390300,0.49411768,5.995663,5.995663,0.06,0
3110390500,3110390500,0.49803925,6.9949403,6.9949403,0.07,0
3110390500,3110390500,0.49411768,5.995663,5.995663,0.06,0
3110390500,3110390500,0.49411768,5.995663,5.995663,0.06,0
3110390800,3110390800,0.49803925,8.993495,8.993495,0.089999996,0
3110390800,3110390800,0.49803925,8.993495,8.993495,0.089999996,0
3110390800,3110390800,0.49803925,7.9942174,7.9942174,0.08,0
3110391000,3110390800,0.49411768,6.9949403,6.9949403,0.07,0
3110391000,3110390800,0.49411768,6.9949403,6.9949403,0.07,0
3110391000,3110391000,0.49803925,7.9942174,7.9942174,0.08,0
3110391000,3110391000,0.49411768,6.9949403,6.9949403,0.07,0
3110391000,3110391000,0.49411768,6.9949403,6.9949403,0.07,0
3110391300,3110391300,0.49803925,6.9949403,6.9949403,0.07,0
3110391300,3110391300,0.49411768,6.9949403,6.9949403,0.07,0
3110391300,3110391300,0.49411768,6.9949403,6.9949403,0.07,0
3110391600,3110391600,0.49803925,5.995663,5.995663,0.06,0
3110391600,3110391600,0.49803925,5.995663,5.995663,0.06,0
3110391600,3110391600,0.49411768,4.996386,4.996386,0.049999997,0
3110391600,3110391600,0.49411768,4.996386,4.996386,0.049999997,0
3110391800,3110391800,0.49803925,8.993495,8.993495,0.089999996,0
3110391800,3110391800,0.49411768,6.9949403,6.9949403,0.07,0
3110391800,3110391800,0.49411768,6.9949403,6.9949403,0.07,0
3110392000,3110392000,0.49803925,7.9942174,7.9942174,0.08,0
3110392000,3110392000,0.49803925,7.9942174,7.9942174,0.08,0
3110392000,3110392000,0.49803925,6.9949403,6.9949403,0.07,0
3110392300,3110392000,0.49411768,6.9949403,6.9949403,0.07,0
3110392300,3110392000,0.4901961,5.995663,5.995663,0.06,0
3110392300,3110392000,0.4901961,5.995663,5.995663,0.06,0
3110392300,3110392300,0.49803925,5.995663,5.995663,0.06,0
3110392600,3110392300,0.49411768,4.996386,4.996386,0.049999997,0
3110392600,3110392300,0.49411768,4.996386,4.996386,0.049999997,0
3110392600,3110392600,0.49803925,6.9949403,6.9949403,0.07,0
3110392600,3110392600,0.49411768,6.9949403,6.9949403,0.07,0
3110392600,3110392600,0.49411768,6.9949403,6.9949403,0.07,0
3110392800,3110392800,0.49803925,7.9942174,7.9942174,0.08,0
3110392800,3110392800,0.49411768,7.9942174,7.9942174,0.08,0
3110392800,3110392800,0.49411768,7.9942174,7.9942174,0.08,0
3110393000,3110393000,0.49803925,6.9949403,6.9949403,0.07,0
3110393000,3110393000,0.49411768,6.9949403,6.9949403,0.07,0
3110393000,3110393000,0.49411768,6.9949403,6.9949403,0.07,0
3110393300,3110393300,0.49803925,7.9942174,7.9942174,0.08,0
3110393300,3110393300,0.49411768,6.9949403,6.9949403,0.07,0
3110393300,3110393300,0.49411768,6.9949403,6.9949403,0.07,0
3110393600,3110393600,0.49803925,6.9949403,6.9949403,0.07,0
3110393600,3110393600,0.49411768,5.995663,5.995663,0.06,0
3110393600,3110393600,0.49411768,5.995663,5.995663,0.06,0
3110393900,3110393900,0.49803925,7.9942174,7.9942174,0.08,0
3110393900,3110393900,0.4901961,5.995663,5.995663,0.06,0
3110393900,3110393900,0.4901961,5.995663,5.995663,0.06,0
3110393900,3110393900,0.32941177,4.996386,4.996386,0.049999997,0
3110394000,3110393900,0.32941177,4.996386,4.996386,0.049999997,0
3110394000,3110393900,0.32941177,4.996386,4.996386,0.049999997,0
3110394000,3110393900,0.32941177,4.996386,4.996386,0.049999997,0
3110394000,3110393900,0.3254902,4.996386,4.996386,0.049999997,0
3110394000,3110393900,0.3254902,4.996386,4.996386,0.049999997,0
3110394000,3110394000,0.28627452,2.9978316,2.9978316,0.03,0
3110394400,3110394000,0.28627452,2.9978316,2.9978316,0.03,0
3110394400,3110394400,0.49803925,6.9949403,6.9949403,0.07,0
3110394600,3110394400,0.49411768,5.995663,5.995663,0.06,0
3110394600,3110394400,0.49411768,5.995663,5.995663,0.06,0
3110395000,3110395000,0.49803925,5.995663,5.995663,0.06,0
3110395000,3110395000,0.49411768,5.995663,5.995663,0.06,0
3110395000,3110395000,0.49411768,5.995663,5.995663,0.06,0
3110395000,3110395000,0.49803925,7.9942174,7.9942174,0.08,0
3110395100,3110395000,0.49803925,6.9949403,6.9949403,0.07,0
3110395100,3110395000,0.49803925,6.9949403,6.9949403,0.07,0
3110395100,3110395100,0.49803925,6.9949403,6.9949403,0.07,0
3110395400,3110395100,0.49803925,6.9949403,6.9949403,0.07,0
3110395400,3110395400,0.49803925,8.993495,8.993495,0.089999996,0
3110395600,3110395400,0.49411768,8.993495,8.993495,0.089999996,0
3110395600,3110395400,0.49411768,8.993495,8.993495,0.089999996,0
3110395600,3110395600,0.49803925,5.995663,5.995663,0.06,0
3110395600,3110395600,0.49803925,6.9949403,6.9949403,0.07,0
3110396000,3110395600,0.49411768,5.995663,5.995663,0.06,0
3110396000,3110395600,0.49411768,5.995663,5.995663,0.06,0
3110396000,3110396000,0.49803925,5.995663,5.995663,0.06,0
3110396200,3110396000,0.49411768,5.995663,5.995663,0.06,0
3110396200,3110396000,0.49411768,5.995663,5.995663,0.06,0
3110396200,3110396200,0.47450984,4.996386,4.996386,0.049999997,0
3110396400,3110396200,0.47058827,4.996386,4.996386,0.049999997,0
3110396400,3110396200,0.47058827,4.996386,4.996386,0.049999997,0
3110396400,3110396400,0.49803925,5.995663,5.995663,0.06,0
3110396700,3110396400,0.49803925,6.9949403,6.9949403,0.07,0
3110396700,3110396400,0.49803925,6.9949403,6.9949403,0.07,0
3110396700,3110396400,0.49803925,6.9949403,6.9949403,0.07,0
3110396700,3110396400,0.49803925,6.9949403,6.9949403,0.07,0
3110396700,3110396400,0.49803925,6.9949403,6.9949403,0.07,0
3110396700,3110396400,0.49411768,6.9949403,6.9949403,0.07,0
3110396700,3110396400,0.49411768,6.9949403,6.9949403,0.07,0
3110397000,3110397000,0.49803925,7.9942174,7.9942174,0.08,0
3110397000,3110397000,0.49411768,6.9949403,6.9949403,0.07,0
3110397000,3110397000,0.49411768,6.9949403,6.9949403,0.07,0
3110397000,3110397000,0.49803925,5.995663,5.995663,0.06,0
3110397200,3110397000,0.4901961,4.996386,4.996386,0.049999997,0
3110397200,3110397000,0.4901961,4.996386,4.996386,0.049999997,0
3110397200,3110397200,0.49803925,5.995663,5.995663,0.06,0
3110397400,3110397200,0.49803925,5.995663,5.995663,0.06,0
